No;Dummy_1;Income;Cost;Labour;land_prep;Other_costs;Throughput;Fertilizer_total;Fertilizer_ha;Input;Education;Age;Access_to_credit;Distance_to_capital;Erosion_awareness;Distance_to_market;Association;Number_of_extension_contacts;Number_of_network_members;Land_holding;Farm_size;Machinery;Dummy_2;Soil_quality;Headcount_index;Poverty_gap;Poverty_severity;Eastern;Western;Southern;Central
1;1;7150;5328;160;230;1781.5;0.452890396;3240;1620;2.75;8;33;1;3;1;8;1;6;8;2;2;1;1;1;1;0.543965101;0.29589802;0;1;0;0
2;1;17550;9580.009766;175;250;1475;0.404618591;5400;1350;3.380000114;10;40;1;3;1;4;1;2;3;5;4;0;0;0;0;0;0;0;1;0;0
3;0;29575;28280.01953;160;250;565.2199707;0.044055425;11000;478.2608643;0.99000001;6;61;1;8;0;5;1;1;2;25;23;0;0;0;0;0;0;0;1;0;0
4;0;5395;5200.02002;190;125;1700.01001;0.302882493;3200;1600;2.079999924;2;39;0;8;1;5;0;7;8;2;2;0;0;0;1;0.541201174;0.292898715;0;1;0;0
5;0;7800;7140.02002;150;250;910.0100098;0.221287549;3240;810;1.5;5;36;0;8;1;5;1;8;3;1;4;0;0;0;1;0.431436986;0.18613787;0;1;0;0
6;1;17550;14100.00977;170;250;2535;0.254698396;9660;2415;3.380000114;7;51;1;4;1;8;1;5;2;1;4;1;1;1;1;0.104513302;0.010923031;0;1;0;0
7;1;25350;17330.00977;130;250;1301.25;0.169350386;9660;1207.5;2.440000057;9;54;1;8;0;11;1;5;1;6;8;1;1;0;0;0;0;0;1;0;0
8;1;3120;1530.01001;160;250;540.0100098;1.261423111;400;400;2.400000095;6;38;1;8;1;1;1;7;8;1;1;0;1;0;1;0.80100292;0.641605675;0;1;0;0
9;0;2900;2566.02002;175;333;201.0099945;0.383276433;202;101;1.450000048;7;46;0;4;1;8;0;5;6;1;2;0;0;0;1;0.788611174;0.621907592;0;1;0;0
10;1;10075;4670.009766;160;166.6699982;810;0.63228488;2200;733.333313;2.579999924;8;40;1;3;1;8;0;7;4;3;3;1;1;0;1;0.265606105;0.070546605;0;1;0;0
11;1;4225;1990.02002;190;280;1000.02002;1.319072127;900;900;3.25;7;29;1;8;0;2;1;8;8;0;1;1;1;0;1;0.640699685;0.410496086;0;1;0;0
12;1;6630;2680.02002;140;250;450.0100098;1.046632171;600;300;2.549999952;8;42;1;8;1;0;0;8;4;3;2;1;1;1;1;0.661705017;0.437853515;0;1;0;0
13;1;4750;2370.01001;145;125;415.0100098;0.820669532;500;250;2.380000114;4;59;1;8;1;2;1;7;7;3;2;1;1;0;1;0.697039723;0.485864371;0;1;0;0
14;1;5200;2370.01001;160;125;570.0100098;0.918770432;800;400;2;10;41;1;8;1;11;0;1;5;15;2;1;1;1;0;0;0;0;1;0;0
15;1;2278;790.0200195;150;125;700.039978;2.564390659;300;600;3.400000095;6;33;1;8;0;0;1;6;8;11;0.5;0;0;0;1;0.76753062;0.589103281;0;1;0;0
16;1;4420;1350.01001;165;125;490.0100098;2.522196054;300;300;3.400000095;8;66;1;8;1;2;0;7;7;9.5;1;1;0;1;1;0.677814305;0.459432244;0;1;0;0
17;1;32495;15150;160;140;671;0.206600666;5000;500;2.430000067;10;36;1;3;0;2;1;9;4;14;10;0;1;0;0;0;0;0;1;0;0
18;1;5070;3030.01001;190;250;555.0100098;0.64603579;800;400;1.950000048;5;82;1;8;0;2;1;3;8;2;2;1;1;1;1;0.712559819;0.507741511;0;1;0;0
19;1;26325;13015.01953;130;200;896.8800049;0.24013716;6800;850;2.529999971;6;26;1;8;1;4;0;7;1;14;8;1;1;0;0;0;0;0;1;0;0
20;0;17225;16300.01953;120;150;731.6699829;0.082600407;8080;673.333313;1.100000024;5;36;0;8;1;14;0;5;2;6;12;0;0;0;0;0;0;0;1;0;0
21;0;3900;3310.030029;100;100;990.0200195;0.38292402;1980;990;1.629999995;4;46;0;4;1;18;0;6;6;8;2;0;0;0;1;0.715718508;0.512252986;0;1;0;0
22;0;4288;3100.030029;160;100;975.0200195;0.491604924;1950;975;1.600000024;7;39;0;4;0;18;0;8;11;12;2;0;0;0;1;0.453013211;0.205220968;0;1;0;0
23;1;5720;2060.01001;175;200;365.0100098;1.22693336;400;200;2.200000048;10;54;1;2;1;9;1;9;5;6;2;1;1;0;0;0;0;0;1;0;0
24;1;10660;2735.02002;160;166.6699982;300.0100098;1.227696061;600;200;2.730000019;6;55;1;2;1;1;1;6;6;7;3;1;1;1;1;0.0934579;0.008734379;0;1;0;0
25;1;3185;1165.02002;160;125;550.0200195;2.025699139;400;400;2.450000048;5;48;1;7;1;3;0;7;4;8;1;1;1;1;1;0.729142904;0.531649351;0;1;0;0
26;1;6565;2570.01001;150;125;525.0100098;1.088515282;600;300;2.529999971;8;42;1;7;1;0;1;7;8;3;2;0;1;0;1;0.52145952;0.271920025;0;1;0;0
27;1;6370;2410.01001;120;125;490.0100098;1.13173604;600;300;2.450000048;8;36;1;4;1;1;0;6;12;5;2;1;1;1;1;0.593714416;0.352496803;0;1;0;0
28;1;5590;795;150;25;155;0.42851153;450;30;4.300000191;3;50;1;4;0;8;1;10;6;5;15;1;1;1;1;0.286927193;0.082327217;0;1;0;0
29;1;8308;2150.01001;150;250;405.0100098;1.754175663;500;250;3.099999905;8;44;1;3;1;11;0;7;7;3;2;0;1;0;1;0.394407511;0.15555729;0;1;0;0
30;1;4225;1590.02002;175;250;550.0200195;1.889900684;400;400;3.25;8;55;1;4;1;0;1;9;10;5;1;1;1;0;1;0.568839729;0.323578626;0;1;0;0
31;1;33800;14550;160;200;531;0.224639177;4200;420;2.599999905;7;45;1;8;0;3;1;2;1;18;10;1;1;0;0;0;0;0;1;0;0
32;1;6164;3000.01001;190;250;530.0100098;0.838995576;800;400;2.299999952;5;48;1;8;0;5;0;6;13;2;2;1;1;0;1;0.65053618;0.423197329;0;1;0;0
33;1;33475;14250.00977;155;200;710;0.227263004;6400;640;2.579999924;7;65;1;8;0;12;1;9;1;3;10;1;0;1;0;0;0;0;1;0;0
34;1;4920;2743.01001;120;250;625.0100098;0.698774338;990;495;2.049999952;8;36;1;8;1;13;1;3;5;6;2;0;0;0;1;0.372393906;0.138677225;0;1;0;0
35;1;3640;2135.02002;135;250;1320.02002;0.847757876;1200;1200;2.799999952;8;70;1;7;1;13;0;8;10;6;1;1;1;0;1;0.76783669;0.589573205;0;1;0;0
36;1;13735;5290.009766;150;83.33000183;960;0.774520874;2400;800;3.420000076;6;67;1;7;1;7;1;5;2;4;3;1;1;0;1;0.3628847;0.131685302;0;1;0;0
37;1;3575;1400.01001;165;250;570.0100098;1.78212297;440;440;2.75;9;64;1;7;1;9;0;9;8;4;1;0;1;1;1;0.739408612;0.546725094;0;1;0;0
38;1;2015;792.5100098;160;250;800.0200195;1.930524468;300;600;3.099999905;11;48;1;4;1;13;1;7;7;3;0.5;1;1;0;1;0.885761023;0.784572601;0;1;0;0
39;1;9100;4750;190;93.33000183;880;0.55274874;2200;733.333313;2.329999924;5;41;1;5;1;2;0;8;2;2;3;1;1;0;1;0.419591904;0.176057369;0;1;0;0
40;1;4290;2194.02002;150;125;1504.02002;1.098886967;1360;1360;3.299999952;7;66;1;7;1;6;1;6;9;3;1;1;1;0;1;0.562206507;0.316076159;0;1;0;0
41;0;2100;2020.030029;120;100;1200.030029;0.180675521;1200;1200;1.75;6;67;0;7;1;12;0;3;12;5;1;0;0;0;1;0.846925318;0.717282474;0;1;0;0
42;0;10800;5850.02002;145;100;60;0.17982845;400;40;0.899999976;7;73;1;7;1;12;1;8;6;10.5;10;0;0;0;1;0.081552103;0.006650745;0;1;0;0
43;0;1980;1800.030029;160;100;1200.030029;0.288867384;1200;1200;2.75;7;47;0;8;1;12;0;3;11;5;1;0;0;0;1;0.873713374;0.763375044;0;1;0;0
44;0;10400;7925.02002;175;150;840;0.231166601;4000;800;1.600000024;8;50;0;7;1;12;0;7;6;4.5;5;0;0;0;1;0.241916001;0.058523353;0;1;0;0
45;1;8125;5362.02002;160;150;633.4299927;0.368357986;1967;562;1.789999962;5;49;0;4;1;12;0;5;5;3.5;3.5;0;1;0;1;0.309038013;0.095504493;0;1;0;0
46;0;1080;942.5200195;175;150;980.039978;-0.954971731;440;880;1.799999952;2;77;1;7;1;12;1;4;5;3;0.5;0;0;0;1;0.921275914;0.84874928;0;1;0;0
47;0;2275;1290.02002;160;150;380.019989;1.027100325;280;280;1.75;8;47;0;4;1;12;0;7;13;15;1;0;0;0;1;0.83416909;0.695838094;0;1;0;0
48;0;1920;1460.030029;190;150;600.0300293;0.554762542;600;600;1.600000024;6;52;0;8;1;12;0;5;8;4;1;0;0;0;1;0.860046029;0.739679158;0;1;0;0
49;0;2805;2112.52002;165;150;653.3499756;0.552783728;780;520;1.830000043;8;48;0;8;1;12;0;3;6;5;1.5;0;0;0;1;0.821093976;0.67419529;0;1;0;0
50;1;26650;24350.00977;120;206.25;2302.5;0.122644968;17600;2200;2.559999943;6;57;1;4;1;4;1;8;2;2;8;1;1;1;0;0;0;0;1;0;0
51;1;13000;11700.00977;150;250;2000;0.221687853;7440;1860;2.5;6;34;1;3;1;6;0;12;2;3;4;0;1;0;1;0.052395001;0.002745236;0;1;0;0
52;1;10400;3680.02002;150;125;1225.01001;1.20787251;2200;1100;4;9;40;1;3;0;7;0;1;1;4;2;1;1;0;0;0;0;0;1;0;0
53;0;9100;8560.030273;165;150;1380.01001;0.212907836;5520;1380;1.75;7;64;0;8;0;12;0;8;3;4;4;0;0;0;1;0.226122603;0.051131431;0;1;0;0
54;1;17550;11440;160;250;1955;0.32834354;6960;1740;3.380000114;7;35;1;8;0;5;1;5;5;10;4;1;1;0;0;0;0;0;1;0;0
55;1;21450;13690.00977;190;100;1028.75;0.183607891;6880;860;2.059999943;11;50;1;8;0;9;1;8;1;15;8;1;0;0;0;0;0;0;1;0;0
56;1;13650;12960.00977;130;250;2285;0.206693515;8700;2175;2.630000114;8;35;1;8;0;0;0;5;4;8;4;1;0;0;0;0;0;0;1;0;0
57;1;19500;6590.009766;120;100;778;0.560606122;3480;696;3;6;56;0;8;1;11;1;9;1;2;5;1;1;0;0;0;0;0;1;0;0
58;1;5525;1715.01001;165;250;730.0100098;2.416889906;600;600;4.25;7;65;1;4;1;8;0;4;6;4;1;0;1;0;1;0.295218796;0.087154135;0;1;0;0
59;0;2750;2580.02002;160;300;250.0099945;0.348832577;300;150;1.379999995;5;78;0;7;1;12;0;0;9;10;2;0;0;0;1;0.799545109;0.639272392;0;1;0;0
60;1;18200;8520.019531;175;200;1300.01001;0.482392967;4800;1200;3.5;6;67;1;8;1;9;1;9;3;16;4;1;1;0;0;0;0;0;1;0;0
61;1;10205;8355.009766;160;250;1840;0.309395224;5160;1720;2.619999886;7;43;1;3;1;0;1;7;8;10;3;1;1;0;1;0.132151693;0.01746407;0;1;0;0
62;1;21450;10680.00977;150;200;1835;0.44697994;6960;1740;4.130000114;9;52;1;7;1;1;1;2;1;5.5;4;1;1;0;0;0;0;0;1;0;0
63;0;5070;2870.030029;170;150;770.0200195;0.695111215;1540;770;1.950000048;7;62;1;1;0;3;1;2;9;12;2;0;0;0;1;0.712559819;0.507741511;0;1;0;0
64;0;5896;3990.030029;100;150;660.0100098;0.404841572;1980;660;1.470000029;6;36;0;3;1;3;0;5;8;23;3;0;0;0;1;0.665730298;0.443196833;0;1;0;0
65;0;6120;4007.530029;160;100;425.0100098;0.339555144;1700;425;1.129999995;7;55;1;7;1;3;1;8;7;5;4;0;0;0;1;0.479546189;0.229964554;0;1;0;0
66;0;4875;2780.030029;175;200;600.0200195;0.689737141;1200;600;1.879999995;5;35;0;3;1;3;0;7;9;30;2;0;0;0;1;0.644648075;0.415571153;0;1;0;0
67;0;12350;7612.02002;160;200;737.4000244;0.293288767;3487;697.4000244;1.899999976;5;39;0;4;1;3;0;9;1;4;5;0;0;0;1;0.099775203;0.009955091;0;1;0;0
68;0;3900;2650.02002;175;125;470.0100098;0.55282414;860;430;1.950000048;6;39;0;4;1;3;1;3;8;5;2;0;0;0;1;0.602005899;0.362411112;0;1;0;0
69;0;6600;6540.009766;160;125;2515.01001;0.279815316;4800;2400;3.299999952;6;37;0;7;1;3;0;7;5;4;2;0;0;0;1;0.438726306;0.192480773;0;1;0;0
70;0;3250;2950.02002;190;125;700.0100098;0.360165358;1320;660;1.629999995;0;45;0;3;1;3;0;6;6;9.5;2;0;0;0;1;0.792711377;0.628391325;0;1;0;0
71;0;3500;2789.02002;120;125;654.5100098;0.433931977;1279;639.5;1.75;0;40;1;3;1;3;0;3;6;8;2;0;0;0;1;0.776766121;0.6033656;0;1;0;0
72;0;2010;1605.030029;120;120;400.019989;0.515039146;600;400;1;8;45;0;4;1;3;0;0;3;0;1.5;0;0;0;1;0.871799886;0.760035038;0;1;0;0
73;0;2500;2220.030029;100;200;400.019989;0.371612072;800;400;1.25;0;36;0;3;1;3;1;1;4;0;2;0;0;0;1;0.74487561;0.554839671;0;1;0;0
74;0;1820;1705.02002;125;260;900.0200195;0.240454644;800;800;1.399999976;0;43;0;4;1;3;0;0;6;0;1;0;0;0;1;0.883918405;0.78131175;0;1;0;0
75;0;1750;1480.030029;120;160;790.0300293;0.36483717;790;790;1.75;9;56;1;4;1;3;1;3;3;16;1;0;0;0;1;0.88838309;0.789224505;0;1;0;0
76;0;2000;1115.030029;100;200;400.0299988;1.040303826;400;400;2;7;53;0;3;0;3;0;7;6;25;1;0;0;0;1;0.886611283;0.786079586;0;1;0;0
77;0;4750;4192.529785;160;275;414.2900085;0.264561713;1000.01001;285.7171326;1.360000014;8;46;0;3;0;3;0;6;5;4;3.5;1;0;0;1;0.697039723;0.485864371;0;1;0;0
78;1;9100;4620.009766;175;120;400;0.448051006;1080;270;1.75;9;62;1;7;1;2;1;8;2;12;4;1;0;0;1;0.484081686;0.23433508;0;1;0;0
79;1;18200;4360.009766;160;125;375;1.00085783;1000;250;3.5;11;58;1;7;1;2;1;9;3;23;4;1;1;0;0;0;0;0;1;0;0
80;0;7150;4258.02002;175;80;130;0.312276572;400;80;1.100000024;8;59;0;7;0;3;0;5;7;5;5;0;0;0;1;0.391953498;0.153627545;0;1;0;0
81;0;7800;6824.029785;160;150;880.0100098;0.2357108;3520;880;1.5;6;47;0;8;0;3;0;7;1;30;4;0;0;0;1;0.557784319;0.311123341;0;1;0;0
82;0;7800;6694.02002;190;150;1045.01001;0.242249429;3780;945;1.5;5;38;1;8;0;3;1;4;5;2;4;0;0;0;1;0.204011798;0.041620813;0;1;0;0
83;0;1150;1000.02002;135;150;450.019989;0.44997099;350;350;1.149999976;7;56;0;8;0;3;0;6;4;9.5;1;0;0;0;1;0.916173398;0.839373708;0;1;0;0
84;1;4500;3340;120;90;1040;0.468562871;1720;860;1.879999995;8;35;1;8;1;3;1;3;3;8;2;1;0;0;1;0.791261911;0.626095414;0;1;0;0
85;0;1300;1062.02002;100;150;301.019989;0.497146904;201;201;1;6;62;0;8;0;6;0;7;8;0;1;0;0;0;1;0.905239522;0.819458604;0;1;0;0
86;0;12920;11795.01953;130;150;800;0.1243705;6000;750;1.190000057;9;65;1;7;0;6;1;5;4;10;8;0;0;0;1;0.267509401;0.071561277;0;1;0;0
87;0;5785;5361.02002;160;208.3300018;866.6699829;0.269724786;2330;776.666687;1.480000019;4;55;0;8;0;6;0;4;1;3;3;1;0;0;1;0.631026328;0.398194224;0;1;0;0
88;0;1690;1285.030029;135;200;520.0300293;0.560274839;420.0100098;420.0100098;1.299999952;6;54;0;3;0;6;0;10;7;11;1;0;0;0;1;0.904186606;0.817553401;0;1;0;0
89;0;4900;3760.030029;160;100;1200.02002;0.445472509;2400;1200;1.75;8;53;0;8;0;6;1;4;2;9.5;2;0;0;0;1;0.687472582;0.47261855;0;1;0;0
90;0;3380;2942.530029;175;200;1166.689941;0.401765376;1750;1166.666626;1.730000019;10;36;0;3;0;3;0;0;3;14;1.5;0;0;0;1;0.827535927;0.684815705;0;1;0;0
91;1;4500;2992.52002;160;133.3300018;1306.680054;0.637141943;1860;1240;2.5;11;54;1;3;1;3;1;5;6;14;1.5;1;0;0;1;0.74487561;0.554839671;0;1;0;0
92;1;10150;6645.009766;140;100;1480;0.413844377;4110;1370;2.420000076;6;23;1;3;1;0;1;5;8;3;3;1;0;0;1;0.352621794;0.124342129;0;1;0;0
93;0;4950;4330.029785;120;133.3300018;740.0100098;0.290733933;2220;740;1.649999976;6;45;0;8;0;18;0;7;4;6;3;0;0;0;1;0.639181077;0.408552438;0;1;0;0
94;1;3575;1900.02002;120;200;1793.359985;0.934474349;1245;1660;3.670000076;8;71;1;7;1;5;1;0;7;3;0.75;1;1;0;1;0.695976675;0.484383523;0;1;0;0
95;1;8316;3622.52002;100;200;1700.01001;1.134751558;2370;1580;4.199999809;6;36;1;8;1;16;1;7;3;12;1.5;0;1;1;1;0.614251912;0.377305418;0;1;0;0
96;1;10720;2220.02002;160;200;275.0100098;2.239842415;200.0099945;100.0049973;4;8;63;1;8;1;5;0;6;5;6;2;1;1;0;1;0.602500796;0.363007218;1;0;0;0
97;1;20800;8595.019531;175;50;697.5;0.382440478;3525;587.5;2.670000076;6;42;1;8;1;1;1;8;1;7;6;1;1;0;0;0;0;1;0;0;0
98;0;3770;3630.01001;160;250;2690.01001;0.132228285;2560;2560;2.900000095;5;65;0;4;0;6;0;4;8;10;1;0;0;0;1;0.679393589;0.461575657;0;1;0;0
99;0;4200;3830.030029;175;200;1050.02002;0.343336731;2100;1050;1.75;5;37;0;3;0;6;0;3;2;3.5;2;0;0;0;1;0.571390986;0.32648766;0;1;0;0
100;0;4200;4000.030029;160;200;1170.02002;0.316245109;2340;1170;1.75;1;48;0;3;0;3;0;5;9;1.700000048;2;1;0;0;1;0.693850696;0.481428802;0;1;0;0
101;0;4095;2980.030029;190;150;700.0200195;0.500830531;1400;700;1.580000043;9;36;1;8;0;3;1;3;5;8;2;0;0;0;1;0.477632701;0.228132993;0;1;0;0
102;1;7800;3377.52002;100;250;1506.680054;1.153374791;2160;1440;4;4;78;1;8;1;2;1;6;8;0;1.5;1;1;1;1;0.691896617;0.478720933;0;0;0;1
103;1;11050;4900.009766;145;150;1605.01001;0.910711467;3000;1500;4.25;9;34;1;7;1;4;1;9;7;10;2;1;1;0;1;0.0179203;0.000321137;0;0;0;1
104;1;5980;4800.009766;150;125;1635.01001;0.406248122;3040;1520;2.299999952;12;30;1;3;1;1;0;5;2;17;2;1;1;0;1;0.468521506;0.219512403;0;0;0;1
105;1;10400;4230.009766;135;250;1205.01001;1.013589859;2240;1120;4;9;67;1;8;1;7;0;5;1;3;2;0;1;0;1;0.410379112;0.168411016;0;1;0;0
106;1;6760;3810.01001;160;200;1010.01001;0.681099296;1800;900;2.599999905;0;35;1;7;1;0;1;2;6;2;2;1;1;0;1;0.759679317;0.577112675;0;0;0;1
107;1;5880;3640.02002;180;173.3300018;1533.349976;0.696574926;2220;1480;2.799999952;8;37;1;7;1;5;1;5;1;7;1.5;1;1;0;1;0.666637421;0.444405437;0;1;0;0
108;0;3900;1720;180;150;50;0.988372087;0.02;0.01;1.950000048;7;71;0;7;0;5;0;7;14;4;2;1;0;0;1;0.778892219;0.606673062;0;1;0;0
109;0;7150;6705.02002;170;200;1888.01001;0.28623271;4500;1800;2.200000048;0;45;0;7;0;3;0;5;10;1.200000048;2.5;0;0;0;1;0.270344108;0.073085934;0;1;0;0
110;1;9425;6430.009766;180;200;2370.01001;0.509718537;4560;2280;3.630000114;6;55;1;8;1;8;1;7;3;4;2;1;1;1;1;0.528300881;0.279101819;0;0;1;0
111;1;2730;1102.52002;160;100;1530.040039;1.541849494;750;1500;4.199999809;6;38;1;7;1;2;0;2;1;3;0.5;0;1;0;1;0.892163813;0.795956254;0;0;0;1
112;0;2000;1850.02002;150;300;900.0200195;0.25404048;840;840;2;9;61;0;7;0;3;0;1;7;2.5;1;0;0;0;1;0.829917014;0.688762248;0;1;0;0
113;1;10075;7805.02002;210;250;2962.51001;0.420401871;5805;2902.5;3.880000114;6;55;1;8;1;0;1;7;1;7;2;1;1;0;1;0.495770007;0.245787904;0;0;1;0
114;0;2800;2240.040039;170;300;185.0200043;0.449764282;370.0100098;185.0050049;1.399999976;7;50;0;8;0;8;0;2;5;6.75;2;0;0;0;1;0.875437021;0.766389966;0;0;1;0
115;1;4960;2265.01001;150;200;760.0100098;1.106688261;1000;666.666687;2.670000076;0;51;1;8;1;7;1;6;7;8;1.5;1;1;0;1;0.779345512;0.607379436;0;0;1;0
116;0;3250;2836.030029;165;200;558.0200195;0.382926136;1116;558;1.629999995;4;60;0;8;0;4;0;5;10;5.5;2;0;0;0;1;0.814108729;0.662773013;0;0;1;0
117;1;11830;8505.009766;160;225;1216.25;0.294789493;4560;1140;2.279999971;2;50;1;8;1;4;1;8;6;4.75;4;1;1;1;1;0.052698102;0.00277709;0;0;1;0
118;1;5525;4005.02002;170;200;3150.02002;0.463163733;3040;3040;4.25;9;61;1;7;1;0;1;7;8;13.5;1;1;1;0;1;0.557578802;0.310894132;0;0;1;0
119;0;4420;1860;185;200;65;1.036290288;0.02;0.01;1.700000048;5;51;0;8;0;8;0;4;14;15.5;2;0;0;0;1;0.80336827;0.645400584;0;0;1;0
120;0;4420;4070.030029;220;200;1120.02002;0.343975335;2240;1120;1.700000048;5;72;1;8;0;8;1;6;10;8.25;2;0;0;0;1;0.80336827;0.645400584;0;0;1;0
121;0;5005;4530.02002;200;250;1227.51001;0.341057003;2280;1140;1.929999948;4;33;0;8;0;8;0;5;12;2.75;2;0;0;0;1;0.49902311;0.249024063;0;0;1;0
122;0;4355;4112.529785;220;250;1000.02002;0.328110695;2000;1000;1.679999948;3;43;0;8;0;4;0;3;5;4.75;2;0;0;0;1;0.782042503;0.611590505;0;0;1;0
123;0;1950;1524.030029;190;150;724.0300293;0.509156644;724;724;1.5;7;53;0;8;0;4;0;4;12;12.75;1;0;0;0;1;0.888465226;0.789370477;0;0;1;0
124;0;14300;8010.040039;180;220;80;0.190871567;0.02;0.002222222;1.220000029;6;39;0;7;0;4;0;8;2;17;9;0;0;0;1;0.0457583;0.002093822;0;0;1;0
125;0;4485;3810.030029;210;200;1110.02002;0.389101923;2220;1110;1.730000019;6;41;0;8;0;4;1;6;3;5;2;0;0;0;1;0.700715125;0.491001695;0;0;1;0
126;0;3575;2870.030029;170;150;600.0200195;0.436403096;1200;600;1.379999995;5;52;0;8;1;8;0;2;5;2;2;0;0;0;1;0.821079671;0.674171805;0;0;1;0
127;0;3200;3040.030029;150;250;660.0200195;0.327296108;1320;660;1.600000024;8;40;0;8;1;4;0;1;7;9;2;0;0;0;1;0.839847624;0.705344021;0;0;1;0
128;0;14170;7605.040039;165;200;66.66999817;0.199721351;0.02;0.002222222;1.210000038;7;33;0;8;0;1;0;9;6;4;9;0;0;0;1;0.369622111;0.136620507;0;0;1;0
129;0;3120;1267.5;160;150;70;1.367521405;0.02;0.013333333;1.600000024;7;41;1;8;0;1;1;3;7;3.5;1.5;0;0;0;1;0.821544409;0.674935222;0;0;1;0
130;1;24000;6555.029785;170;150;84.37999725;0.448617697;0.02;0.0025;3;9;36;1;8;1;0;1;8;8;3.5;8;1;0;0;0;0;0;0;0;1;0
131;0;1150;1007.530029;185;350;1000.059998;-1.032346368;500;1000;2.299999952;7;29;0;8;0;1;0;2;5;12;0.5;0;0;0;1;0.884890378;0.783030987;0;0;1;0
132;0;8700;8560.019531;220;250;1180.01001;0.202978224;4320;1080;2.180000067;8;43;0;8;0;1;0;6;12;6;4;0;0;0;1;0.502383411;0.252389103;0;0;1;0
133;1;20670;6650.02002;200;200;450;0.593080938;2000;400;3.180000067;4;40;1;8;1;1;1;9;8;5;5;1;0;0;1;0.080457903;0.006473474;0;0;1;0
134;0;24050;15150.01953;160;75;960;0.15082489;8600;860;1.850000024;7;42;0;8;0;8;0;9;3;17;10;0;0;0;0;0;0;0;0;1;0
135;1;62725;51350;170;100;1364;0.0475334;30750;1230;1.929999948;9;37;1;8;1;5;1;1;1;100;25;1;0;0;0;0;0;0;0;1;0
136;0;32500;22210.01953;185;181.25;570.6300049;0.088549197;7800;487.5;1.559999943;8;34;0;8;0;8;0;8;3;6;16;0;0;0;0;0;0;0;0;1;0
137;1;63700;60045;220;100;1440.180054;0.036844704;36400;1300;1.75;10;60;1;8;1;1;1;1;2;20;28;0;0;0;0;0;0;0;0;1;0
138;0;17250;15310.01953;200;250;500;0.105186023;4000;400;1.730000019;8;62;0;8;0;8;0;7;6;4;10;0;0;0;1;0.372129589;0.138480425;0;0;1;0
139;1;61562.5;29496;150;10;535;0.068805151;12000;400;1.639999986;9;41;1;8;1;0;1;2;2;56;30;1;1;0;0;0;0;0;0;1;0
140;1;24700;11615.09961;190;50;518.5100098;0.205968887;4050;405;1.899999976;5;21;1;8;0;0;0;9;7;6;10;1;1;0;0;0;0;1;0;0;0
141;1;19170;8292.509766;180;250;1108.130005;0.525681317;4000;1000;3.380000114;5;32;1;8;1;0;1;3;5;5;4;1;1;1;1;0.052231401;0.002728119;1;0;0;0
142;1;52000;17975.00977;210;103.3300018;538;0.18976967;6320;421.3333435;2.670000076;6;52;1;8;1;0;0;9;2;25;15;0;1;1;0;0;0;0;0;1;0
143;1;96600;46450;170;41.66999817;921.6699829;0.068458311;24000;800;2.299999952;5;70;1;8;1;2;0;2;1;50;30;1;1;1;0;0;0;0;0;1;0
144;1;23800;6898.009766;150;250;485.6000061;0.658752322;1968;393.6000061;3.400000095;10;53;1;8;1;0;1;9;1;20;5;1;1;0;0;0;0;0;1;0;0
145;0;6175;4187.52002;165;100;290;0.270446479;1250;250;0.949999988;0;44;0;8;0;3;0;3;8;5;5;0;0;0;1;0.505529284;0.255559862;0;0;1;0
146;0;1000;810;160;100;50;0.629629612;0.02;0.02;1;5;25;1;8;1;3;1;2;6;3;1;0;1;0;1;0.899904728;0.80982852;0;0;1;0
147;0;5200;2720.030029;160;100;216.6799927;0.567802548;600.0100098;200.0033417;1.330000043;5;49;0;8;0;3;0;4;12;8;3;0;0;0;1;0.768668711;0.590851605;0;0;1;0
148;0;10400;6215.02002;170;61.25;231.25;0.200383916;1050;131.25;1;4;52;0;6;0;3;1;3;4;8;8;0;0;0;1;0.167207196;0.027958246;0;0;1;0
149;0;13000;12100.01953;185;200;460;0.100371741;3600;360;1;4;58;0;8;0;5;0;9;2;5.5;10;0;0;0;1;0.349380612;0.122066811;0;0;1;0
150;1;8750;4620.009766;220;100;660;0.55050385;1620;540;2.920000076;5;51;1;8;1;1;1;7;7;10;3;1;1;0;1;0.562083125;0.31593743;0;0;1;0
151;0;1820;1665.030029;200;150;800.0300293;0.330306351;800;800;1.399999976;6;45;0;8;0;5;0;2;12;4;1;0;0;0;1;0.92713058;0.859571099;0;0;1;0
152;1;5750;2550.01001;160;175;440.0100098;0.944112003;600;300;2.880000114;9;41;1;8;1;0;1;5;10;8;2;0;1;0;1;0.822908282;0.677178025;0;0;1;0
153;0;5850;5310.02002;170;200;1020.01001;0.27809;2700;900;1.5;10;42;0;8;0;5;0;3;12;3.5;3;0;0;0;1;0.707221329;0.500162005;0;0;1;0
154;0;1250;935.039978;185;180;100.0400009;0.695114672;0.02;0.02;1.25;7;27;0;8;0;5;0;1;5;1;1;0;0;0;1;0.916587174;0.840132058;0;0;1;0
155;0;1500;1300.030029;220;200;400.0299988;0.446120441;400;400;1.5;6;61;0;8;1;3;0;1;1;23;1;0;0;0;1;0.924928486;0.855492711;0;0;1;0
156;0;1000;680.0300293;220;300;400.0599976;0.058644477;200;400;2;0;44;1;8;0;5;1;2;10;12;0.5;0;0;0;1;0.949952424;0.902409613;0;0;1;0
157;0;1690;1295.030029;200;100;1920.060059;-0.818606615;960;1920;2.599999905;7;45;0;8;0;8;0;2;9;6;0.5;0;0;0;1;0.924817324;0.855287075;0;0;1;0
158;0;1235;1017.530029;170;500;880.0599976;-0.914095879;440;880;1.899999976;5;37;0;8;0;3;1;1;10;7;0.5;0;0;0;1;0.901105821;0.811991692;0;0;1;0
159;0;3770;3590.02002;185;250;890.0100098;0.321723819;1560;780;1.450000048;6;42;0;1;0;17;0;4;7;8;2;0;0;0;1;0.776624978;0.603146374;0;0;0;1
160;0;3510;2930.030029;220;200;660.0200195;0.411255181;1320;660;1.350000024;6;51;0;1;0;17;0;2;10;9;2;0;0;0;1;0.844022572;0.712374091;0;0;0;1
161;0;1100;965.0300293;200;200;900.0599976;-0.912013054;450;900;2.200000048;7;48;0;1;0;17;0;2;12;10.5;0.5;0;0;0;1;0.944135129;0.891391158;0;0;0;1
162;1;2000;1247.51001;170;150;1640.02002;-0.240511134;700;1400;4;13;46;1;1;1;0;1;1;6;6.75;0.5;1;1;0;1;0.919923782;0.846259773;0;0;1;0
163;1;3000;1188.76001;130;100;700.0100098;1.929169893;400;533.333313;4;6;33;1;7;1;6;0;2;10;8;0.75;1;1;0;1;0.866685987;0.751144588;0;0;0;1
164;0;3705;1880.030029;125;100;300.019989;0.809822142;600;300;1.429999948;7;43;0;1;0;17;0;2;9;5.5;2;0;0;0;1;0.868285775;0.753920197;0;0;0;1
165;0;3500;2625.030029;120;150;200.0099945;0.368248492;600;200;1.169999957;5;37;0;1;0;17;0;3;9;4.75;3;0;0;0;1;0.585245371;0.342512131;0;0;0;1
166;0;5720;4498.02002;200;200;412.5100098;0.274870396;1200;300;1.100000024;7;34;0;1;0;17;0;3;10;13.5;4;0;0;0;1;0.709502518;0.503393829;0;0;0;1
167;0;3200;2630.030029;140;200;525.0200195;0.41348958;1050;525;1.600000024;3;56;0;8;0;17;0;3;9;15.5;2;0;0;0;1;0.772477388;0.596721292;0;0;0;1
168;0;4221;2682.030029;150;200;400.0100098;0.518739879;1000;400;1.25999999;2;50;0;1;0;17;1;3;8;8.25;2.5;0;0;0;1;0.812427223;0.660037994;0;0;0;1
169;1;9165;2985.02002;145;150;797.5100098;1.338766575;1375;687.5;3.529999971;8;55;1;1;1;3;1;6;10;2.75;2;1;1;1;1;0.456967711;0.208819494;0;0;0;1
170;1;20865;14700.00977;160;100;1320;0.174557701;9000;1200;2.140000105;12;43;1;4;1;0;1;9;2;4.75;7.5;1;1;0;1;0.258240908;0.066688366;0;0;0;1
171;1;2340;672.5200195;170;100;700.039978;3.984892368;300;600;3.599999905;4;35;1;1;1;3;1;1;6;12.75;0.5;1;1;0;1;0.861353517;0.741929889;0;0;0;1
172;1;2015;625.0200195;130;100;640.039978;3.375763655;300;600;3.099999905;3;31;1;1;1;11;0;2;7;12;0.5;1;1;0;1;0.820914924;0.67390132;0;0;0;1
173;1;3575;951.0100098;100;150;366.0100098;3.027297258;200;200;2.75;8;51;1;1;1;14;1;3;10;5;1;0;0;0;1;0.788178921;0.621226013;0;0;0;1
174;1;27430;14532.00977;120;120;1253.75;0.222728133;9000;1125;2.640000105;6;43;1;1;1;9;1;9;2;10;8;1;1;0;0;0;0;0;0;0;1
175;0;1900;1720.030029;150;100;900.0300293;0.290675133;900;900;1.899999976;5;48;0;5;0;17;0;2;10;12.75;1;0;0;0;1;0.887423813;0.787521005;0;0;0;1
176;0;7370;2815.52002;140;100;216.5800018;0.697212994;408;116.5714264;1.570000052;3;38;0;1;0;17;0;5;6;12;3.5;0;0;0;1;0.475987107;0.226563722;0;0;0;1
177;1;6370;2610.02002;130;375;250.0099945;1.023936629;300;150;2.450000048;5;41;1;1;1;11;1;2;8;5;2;0;1;0;1;0.622573316;0.387597531;0;0;0;1
178;1;23075;9230.009766;125;100;637.3300171;0.319600075;3750;500;2.369999886;11;41;1;1;1;7;0;8;3;0;7.5;1;1;0;0;0;0;0;0;0;1
179;1;2340;1095.02002;120;900;800.039978;0.803565264;300;600;3.599999905;9;38;1;1;1;7;1;2;10;2;0.5;1;1;0;1;0.833624125;0.694929183;0;0;0;1
180;1;1560;1150.02002;120;210;1500.040039;-0.782664716;700;1400;2.400000095;8;30;1;8;1;2;1;9;3;15;0.5;0;1;0;1;0.920773387;0.84782362;0;0;0;1
181;1;3575;1215.02002;145;50;450.019989;2.201593399;300;300;2.75;9;70;1;7;1;1;1;2;15;20;1;1;1;0;1;0.858785927;0.737513244;0;0;0;1
182;1;24700;6080.009766;160;50;265;0.498765647;1000;125;2.380000114;12;54;1;1;1;4;0;9;12;12;8;1;1;0;0;0;0;0;0;0;1
183;1;2100;715.0300293;170;100;800.0599976;2.796917439;400;800;4.199999809;7;47;0;8;1;12;0;1;5;8;0.5;0;1;0;1;0.906680226;0.822069049;0;0;0;1
184;1;2600;712.5200195;130;100;800.039978;4.098018169;300;600;4;6;41;1;8;1;4;1;3;6;17;0.5;1;1;0;1;0.907568991;0.823681474;0;0;0;1
185;0;3300;1960.01001;100;120;475.0100098;0.659432828;600;300;1.379999995;4;39;0;1;0;17;0;1;5;2;2;0;0;0;1;0.853354573;0.728214025;0;0;0;1
186;1;3965;1490.02002;120;100;800.0200195;1.85566628;600;600;3.049999952;3;43;1;8;1;0;1;5;5;4;1;1;1;0;1;0.901984811;0.813576579;1;0;0;0
187;1;3575;1365.02002;140;100;720.0200195;1.842449188;480;480;2.75;9;65;1;8;1;0;1;2;6;4;1;0;1;0;1;0.848501086;0.719954073;1;0;0;0
188;1;1100;1020.02002;160;100;1400.040039;-1.17652595;580;1160;2.200000048;7;51;1;8;1;2;0;1;13;8;0.5;1;1;0;1;0.967412114;0.935886204;0;0;0;1
189;1;5525;2957.51001;150;100;1346.670044;0.874233186;1800;1200;2.829999924;5;50;1;8;1;3;1;6;5;2;1.5;1;1;0;1;0.683984876;0.467835307;0;0;1;0
190;0;2100;1840.02002;150;150;250.0099945;0.407601535;400;200;0.879999995;8;58;0;1;0;5;0;5;8;1;2;0;0;0;1;0.879885674;0.774198771;0;0;1;0
191;1;2250;1490.01001;150;120;770.0100098;0.711397886;600;600;2.25;7;52;1;8;1;12;1;3;3;5;1;1;1;0;1;0.885730922;0.784519255;0;0;0;1
192;0;2280;2080.02002;145;250;350.0100098;0.37499398;600;300;0.949999988;3;52;0;8;0;8;0;2;4;8;2;0;0;0;1;0.898681283;0.807628036;0;0;0;1
193;0;2160;2020.02002;160;120;450.0100098;0.363855302;800;400;0.899999976;4;41;0;8;0;8;0;3;12;3.5;2;0;0;0;1;0.890301585;0.792636931;0;0;0;1
194;0;1500;1160.02002;170;250;450.019989;0.586179495;350;350;1.25;6;58;0;1;0;17;1;2;4;4;1;0;0;0;1;0.933342993;0.871129155;0;0;0;1
195;0;2100;1900.02002;130;50;450.0100098;0.384203851;800;400;0.879999995;4;49;0;1;0;6;0;3;3;8;2;0;0;0;1;0.893348813;0.7980721;0;0;0;1
196;0;1980;1880.02002;140;220;250.0099945;0.359036058;400;200;0.829999983;0;50;1;1;0;18;1;3;10;8;2;0;0;0;1;0.882683694;0.779130518;0;0;0;1
197;1;1600;642.5300293;120;100;680.0599976;1.929684162;340;680;3.200000048;12;45;1;1;1;12;1;1;12;3;0.5;0;0;0;1;0.886238813;0.785419226;0;0;0;1
198;1;5525;2010.02002;200;250;300.0100098;1.212672114;400;200;2.130000114;4;47;1;7;1;9;1;2;13;1;2;1;1;0;1;0.508960128;0.259040415;0;0;0;1
199;1;8775;3060.01001;140;166.6699982;408.3399963;0.880170345;900;300;2.25;7;42;1;7;1;5;1;3;14;2;3;0;1;0;1;0.376090497;0.141444057;0;0;0;1
200;1;3575;1060.030029;175;250;270.0299988;2.693291664;150.0099945;150.0099945;2.75;8;45;1;6;1;7;0;3;8;3;1;1;1;0;1;0.745814681;0.556239545;0;0;0;1
201;1;6110;2780.02002;145;100;650.0100098;0.906466544;1000;500;2.349999905;7;42;1;8;1;5;1;3;5;2;2;1;1;0;1;0.689695776;0.475680262;0;0;0;1
202;1;5590;1470.030029;160;100;175.0200043;1.76696384;350;175;2.150000095;9;52;1;8;1;1;1;4;1;4;2;0;1;0;1;0.680266976;0.46276316;0;0;1;0
203;1;2730;1070.030029;170;100;350.0299988;1.850387335;200.0099945;200.0099945;2.099999905;7;48;0;4;1;0;1;2;4;3;1;1;1;0;1;0.80100292;0.641605675;0;1;0;0
204;1;1000;735.0200195;130;100;700.039978;-0.435471058;300;600;2;6;45;1;8;1;5;1;1;1;2;0.5;1;1;0;1;0.940749288;0.885009229;0;0;0;1
205;1;3640;1362.52002;140;100;550.0200195;1.899039984;400;400;2.799999952;8;40;1;8;1;0;1;2;15;3;1;1;1;1;1;0.815137923;0.664449811;0;0;0;1
206;1;25025;11945.00977;155;175;305.5;0.202264383;2000;200;1.929999948;10;55;1;1;1;3;0;5;3;2;10;1;1;0;0;0;0;0;0;0;1
207;1;6700;2755.01001;150;250;447.5100098;1.025856614;600;300;2.5;7;45;1;6;1;7;1;7;4;0.5;2;0;1;0;1;0.735346973;0.540735185;0;0;0;1
208;1;27300;13425.00977;140;200;672.5;0.195511967;6000;600;2.099999905;8;49;1;7;1;2;0;6;1;10;10;1;1;1;0;0;0;0;1;0;0
209;1;3600;2270.02002;130;500;1050.02002;0.718046546;900;900;3;4;42;1;1;1;0;1;1;14;8;1;1;1;0;1;0.693850696;0.481428802;0;1;0;0
210;1;5655;1945.02002;120;100;706.6799927;1.600093126;900;600;2.900000095;3;54;1;8;0;0;1;7;10;1;1.5;1;1;1;1;0.5877918;0.345499188;0;1;0;0
211;1;12060;4275.009766;120;83.33000183;626.6699829;0.853799224;1500;500;3;7;39;1;1;1;9;1;6;9;3;3;1;0;1;1;0.523624718;0.274182856;0;0;0;1
212;1;2600;1070.02002;120;500;940.039978;1.383077025;420;840;4;5;44;1;1;1;16;0;2;15;3;0.5;1;0;0;1;0.907568991;0.823681474;0;0;0;1
213;1;1900;895.0100098;140;150;1120.02002;0.960838377;400;800;3.799999952;8;45;1;8;1;9;1;1;14;2;0.5;0;1;0;1;0.915567815;0.838264406;0;0;0;1
214;1;10075;2665;150;93.33000183;270;1.189702272;400;133.3333282;2.579999924;6;38;1;8;1;2;0;6;12;1.5;3;1;1;1;1;0.265606105;0.070546605;0;1;0;0
215;1;4225;2086.02002;145;100;1416.02002;1.178790212;1320;1320;3.25;10;40;0;1;0;1;1;1;15;2;1;0;0;0;1;0.812249422;0.65974915;0;0;0;1
216;1;4680;2160.02002;130;250;1380.02002;1.31942296;1280;1280;3.599999905;6;38;1;1;1;14;1;3;15;2;1;1;0;0;1;0.584060311;0.341126442;0;0;0;1
217;1;7800;4637.52002;145;250;1120.01001;0.539080381;2500;1000;2.400000095;4;48;1;1;1;2;0;6;1;2;2.5;0;1;0;1;0.537844777;0.289277017;0;0;0;1
218;1;19825;8123.009766;120;35.70999908;658.289978;0.333436757;4000;571.4285889;2.180000067;3;39;1;8;1;2;1;7;3;2;7;1;0;0;1;0.359284908;0.129085645;0;0;0;1
219;1;13000;3860.02002;120;250;250.0099945;0.798246503;800;200;2.5;7;48;1;1;1;6;1;5;3;1.5;4;1;0;1;1;0.422306001;0.178342357;0;0;0;1
220;1;7800;2964.01001;140;237;790.0100098;1.119765162;1200;600;3;6;42;1;7;1;5;0;7;11;2;2;0;0;0;1;0.445413798;0.198393449;0;0;0;1
221;1;18525;3812.51001;150;30;395.5599976;1.048756123;1230;273.3333435;3.170000076;4;46;1;8;1;16;0;9;2;7;4.5;1;0;0;0;0;0;0;0;0;1
222;0;10050;4395.029785;145;250;600.0100098;0.673487306;1800;600;2.5;6;39;0;7;0;18;0;3;5;2;3;0;0;0;0;0;0;0;0;0;1
223;0;3575;3168.030029;160;252;1200.02002;0.377306998;1800;1200;1.830000043;5;40;0;7;0;18;0;5;1;3;1.5;0;0;0;1;0.788178921;0.621226013;0;0;0;1
224;0;2970;2235.030029;170;220;600.0200195;0.545848012;900;600;1.5;5;38;0;8;0;18;0;2;5;2;1.5;0;0;0;1;0.882683694;0.779130518;0;0;0;1
225;0;9000;6225.029785;130;250;1200.01001;0.388217151;3600;1200;2.5;7;72;0;8;0;4;1;4;1;1;3;0;0;0;1;0.549571216;0.302028507;0;0;1;0
226;0;2925;2600.02002;150;150;600.0100098;0.372110605;900;450;1.129999995;0;51;0;5;0;8;0;1;2;6;2;0;0;0;1;0.903591573;0.816477716;1;0;0;0
227;1;22750;6800;130;100;260;0.408272058;900;112.5;2.190000057;9;45;1;2;1;3;1;8;1;1;8;1;1;0;1;0.250156999;0.062578522;1;0;0;0
228;1;7140;2180.02002;120;100;550.0100098;1.454112887;800;400;2.549999952;8;35;1;2;1;2;0;3;2;2;2;0;0;0;1;0.470495492;0.221366003;1;0;0;0
229;1;1320;467.5400085;155;100;200.0800018;2.994053841;100.0100021;200.0200043;2.200000048;10;40;1;2;1;7;1;1;3;2;0.5;0;0;0;1;0.934738874;0.873736739;1;0;0;0
230;1;5880;3220.01001;150;100;905.0100098;0.710399985;1500;750;2.450000048;3;27;0;2;0;3;1;2;4;2;2;1;1;1;1;0.750821412;0.563732803;1;0;0;0
231;1;8400;2640.01001;140;350;565.0100098;1.398667097;1050;525;3;5;62;1;2;1;3;0;4;6;2;2;0;1;1;1;0.501642823;0.251645535;1;0;0;0
232;1;29900;23362.00977;140;200;1171.829956;0.100780323;12912;1076;1.919999957;10;50;1;2;1;3;1;5;1;12.5;12;1;1;0;0;0;0;1;0;0;0
233;1;10400;4210.02002;130;120;1120.01001;0.85662204;2500;1000;3.200000048;5;42;1;2;1;0;1;4;2;2.25;2.5;0;0;0;1;0.559275985;0.312789619;1;0;0;0
234;1;5005;4850.02002;155;250;1650.01001;0.299482256;3200;1600;1.929999948;8;34;1;2;1;0;1;2;9;5;2;1;0;1;1;0.78790158;0.620788872;1;0;0;0
235;0;1500;1210.02002;145;110;540.0200195;0.504107356;440;440;1.5;4;25;0;2;0;7;0;1;1;4;1;0;0;0;1;0.888759613;0.789893627;1;0;0;0
236;0;15000;12350.01953;140;35;583;0.114048399;4950;495;1.5;2;88;0;2;0;7;0;7;8;20;10;0;0;0;1;0.258397013;0.066769019;1;0;0;0
237;1;4290;1605.01001;130;250;720.0100098;1.866025686;600;600;3.299999952;9;45;1;2;1;2;1;4;1;4;1;1;1;0;1;0.80915159;0.654726267;0;0;1;0
238;1;6720;2040.02002;140;175;175.0099945;1.473022342;200;100;2.799999952;6;56;1;2;1;1;1;4;2;30;2;0;1;0;1;0.750821412;0.563732803;1;0;0;0
239;1;27600;5660;160;90;572;0.946219087;2000;400;3.450000048;2;31;1;2;1;2;0;5;2;3;5;0;1;0;0;0;0;0;0;1;0
240;0;14950;12390.01953;130;41.66999817;1458.339966;0.177562132;8250;1375;1.919999957;0;45;0;2;0;8;0;3;9;9;6;0;0;0;1;0.445651799;0.198605523;1;0;0;0
241;1;14300;7560.02002;160;250;1070.01001;0.421294868;3680;920;2.75;8;40;1;2;1;6;0;3;10;10;4;1;1;0;1;0.0457583;0.002093822;0;0;1;0
242;1;9750;3380.01001;155;250;755.0100098;1.23816061;1240;620;3.75;6;54;1;2;1;0;1;4;5;20;2;1;1;1;1;0.517957985;0.268280476;1;0;0;0
243;1;4680;2590.02002;150;250;1780.02002;0.926626027;1600;1600;3.599999905;6;52;1;2;1;1;1;3;14;2;1;0;1;0;1;0.845746577;0.715287268;1;0;0;0
244;1;9230;2512.51001;140;250;555.0100098;1.647503972;920;460;3.549999952;8;39;0;1;1;3;0;3;8;1;2;1;1;0;1;0.664043784;0.440954149;0;0;1;0
245;1;6500;3370.01001;140;200;870.0100098;0.761123896;1500;750;2.5;8;80;1;5;1;2;1;1;5;3;2;1;0;0;1;0.785759211;0.617417514;1;0;0;0
246;1;7800;3810.01001;145;150;1055.01001;0.816925704;1960;980;3;9;49;1;2;0;1;0;4;3;0.5;2;0;1;0;1;0.710774779;0.505200803;1;0;0;0
247;0;4550;3570.02002;165;200;940.0100098;0.434169829;1770;885;1.75;5;68;0;2;0;7;0;3;5;8;2;0;1;0;1;0.850031376;0.722553313;1;0;0;0
248;1;6175;2270.02002;150;250;300.0100098;1.177300215;400;200;2.380000114;7;60;1;2;1;2;1;2;1;20;2;1;1;0;1;0.738320112;0.545116603;1;0;0;0
249;0;22360;16040.01953;140;100;1044;0.131334007;9240;924;1.720000029;6;38;0;5;0;7;0;4;2;20;10;0;0;0;0;0;0;1;0;0;0
250;1;5460;3575.01001;140;300;912.5100098;0.556290746;1600;800;2.099999905;7;55;1;6;1;5;1;5;4;15;2;1;1;0;1;0.730056524;0.532982528;1;0;0;0
251;0;1300;1085.030029;130;250;200.0299988;0.479221731;200;200;1.299999952;0;32;0;6;0;8;0;1;5;20;1;0;0;0;1;0.903591573;0.816477716;1;0;0;0
252;0;6030;3450.02002;155;25;337.5100098;0.397641927;950;237.5;1.129999995;4;32;0;6;0;8;0;3;2;12;4;0;0;0;1;0.552813411;0.30560267;1;0;0;0
253;0;600;322.5299988;145;166.6699982;333.4299927;-1.551276684;100;333.333313;2;3;51;0;6;0;8;0;2;4;1;0.300000012;0;0;0;1;0.955503821;0.91298753;1;0;0;0
254;0;1625;1080.030029;140;250;210.0299988;0.800875843;210;210;1.25;4;44;0;6;1;8;0;5;2;17;1;0;0;0;1;0.903591573;0.816477716;1;0;0;0
255;0;3900;3615.02002;130;250;450.0100098;0.276622713;1200;400;1;2;51;0;6;1;8;0;4;13;2;3;0;0;0;1;0.871455491;0.7594347;1;0;0;0
256;0;20800;17375.01953;145;200;483.3299866;0.076572269;6500;433.3333435;1.070000052;2;33;1;6;0;8;1;3;2;4;15;0;0;0;1;0.118551999;0.014054577;1;0;0;0
257;0;22750;18780.51953;140;200;875.039978;0.095289171;10500;875;1.460000038;6;61;0;6;0;3;0;2;1;4;12;0;0;0;1;0.035916101;0.001289966;1;0;0;0
258;0;21775;20940.01953;130;220;1075;0.080786295;12150;1012.5;1.399999976;0;76;0;6;0;3;0;5;2;8;12;0;0;0;1;0.192579702;0.037086941;1;0;0;0
259;0;750;345.0400085;120;120;100.0800018;1.912357807;50.00999832;100.0199966;1.5;6;40;0;6;0;3;0;1;8;2;0.5;1;0;0;1;0.975279927;0.951170921;1;0;0;0
260;0;5070;1890.030029;160;120;265.019989;1.173256516;530;265;1.950000048;6;45;0;6;0;3;0;4;11;1;2;0;0;0;1;0.83289212;0.693709254;1;0;0;0
261;1;10075;2558.51001;130;250;84.5;1.241890788;0.02;0.006666666;2.579999924;7;40;1;6;1;2;1;5;8;5;3;0;1;0;1;0.633287311;0.401052833;0;0;1;0
262;1;3575;2690.02002;120;250;973.3499756;0.513416231;1260;840;1.830000043;5;31;1;6;1;0;1;3;15;2;1.5;1;0;0;1;0.745814681;0.556239545;0;0;0;1
263;0;6500;3519.02002;100;220;443.0100098;0.530165613;1029;343;1.669999957;0;43;0;6;0;3;0;4;8;1;3;0;0;0;1;0.724547386;0.524968922;1;0;0;0
264;1;2080;1860.030029;150;250;420.019989;0.415756732;630;420;1.070000052;0;42;1;6;1;1;1;1;9;10;1.5;1;1;0;1;0.881029606;0.776213169;0;0;1;0
265;0;3185;1435.02002;200;100;735.0200195;1.463380218;600;600;2.450000048;0;68;0;2;0;3;0;1;8;5.5;1;0;0;0;1;0.865028322;0.748273969;1;0;0;0
266;0;1950;1080.030029;155;100;400.0299988;1.111052394;400;400;1.5;5;35;0;6;0;12;0;2;4;2;1;0;0;0;1;0.884309888;0.782003999;1;0;0;0
267;0;2470;1305.030029;145;120;610.0300293;1.134050488;610;610;1.899999976;0;46;0;6;0;12;0;2;5;4;1;0;0;0;1;0.816824079;0.667201579;1;0;0;0
268;1;3250;1110.030029;140;150;400.0299988;2.216129303;400;400;2.5;7;42;1;6;1;8;1;9;5;0;1;1;1;0;1;0.879489481;0.773501754;1;0;0;0
269;0;6175;3275.030029;130;200;257.1499939;0.482375473;900;257.1428528;1.360000014;4;26;0;2;0;12;0;4;4;50;3.5;0;0;0;1;0.542060196;0.293829262;1;0;0;0
270;0;21125;16325.03027;180;200;333.3399963;0.083191924;5000;333.3333435;1.080000043;6;48;0;6;0;12;0;7;3;6;15;0;0;0;0;0;0;1;0;0;0
271;1;20150;14075.01953;140;200;682.5;0.135328412;6600;660;1.549999952;4;32;1;6;1;8;1;4;1;56;10;1;0;1;0;0;0;1;0;0;0
272;1;40300;17440.01953;130;200;592.8599854;0.161100253;8000;571.4285889;2.210000038;6;38;1;6;1;3;1;5;1;2;14;1;0;0;0;0;0;1;0;0;0
273;1;11050;3765.030029;120;250;285.7200012;0.779677331;1000;285.7142944;2.430000067;7;35;1;6;1;8;1;4;2;2;3.5;0;0;0;1;0.45368579;0.205830798;1;0;0;0
274;0;21450;18550.0293;160;200;466.6700134;0.073830359;7000;466.6666565;1.100000024;4;24;0;2;0;12;0;5;3;2;15;0;0;0;0;0;0;1;0;0;0
275;0;12740;9160.030273;130;200;200;0.132357642;2000;200;0.980000019;5;54;0;6;1;12;0;7;1;2;10;0;0;0;1;0.580088019;0.336502105;1;0;0;0
276;0;5655;2640.02002;120;200;540.0100098;0.874044538;1000;500;2.180000067;3;29;0;6;0;12;0;2;8;15;2;0;0;0;1;0.760356307;0.578141689;1;0;0;0
277;0;2210;1790.02002;140;60;225.0099945;0.453902751;400;200;0.850000024;0;30;0;6;0;12;0;3;9;11;2;0;0;0;1;0.906346083;0.821463227;1;0;0;0
278;0;5005;2340.030029;150;250;300.019989;0.887804866;600;300;1.929999948;4;67;0;6;0;12;0;1;4;9.5;2;0;0;0;1;0.814413786;0.663269818;1;0;0;0
279;1;20150;5260.009766;115;250;555;0.908030629;1660;415;3.880000114;1;49;1;6;1;7;1;5;1;14;4;1;1;0;0;0;0;0;0;1;0
280;1;22425;6130.02002;150;250;720.0100098;0.864291251;2480;620;4.309999943;8;67;1;6;1;8;1;4;2;14;4;1;1;0;1;0.168477699;0.028384736;1;0;0;0
281;1;4225;1500.02002;140;250;550.0200195;2.016626358;400;400;3.25;6;42;1;6;1;3;1;2;1;1;1;1;1;0;1;0.843336284;0.711216092;1;0;0;0
282;1;7800;2220.01001;140;280;270.0100098;1.578819513;300;150;3;5;29;1;6;1;3;0;1;5;6;2;1;0;0;1;0.537239671;0.288626462;1;0;0;0
283;1;7735;1970.02002;120;100;375.0100098;1.78170526;500;250;2.980000019;5;46;1;6;1;3;0;2;4;8;2;1;1;0;1;0.672211528;0.451868325;1;0;0;0
284;1;3575;1940.02002;120;100;1260.02002;0.997402072;1080;1080;2.75;6;49;1;6;0;4;1;5;5;12;1;1;1;1;1;0.823251307;0.67774272;1;0;0;0
285;1;6695;2460.02002;150;140;1000.01001;1.451205015;1300;866.666687;3.430000067;7;37;1;6;1;0;1;3;3;6;1.5;1;0;0;1;0.668997884;0.447558165;1;0;0;0
286;1;11875;1867.52002;140;193.3300018;533.3499756;3.903569221;550;366.6666565;4.170000076;3;38;1;6;1;0;0;6;1;7;1.5;1;0;0;0;0;0;1;0;0;0
287;1;5590;1065.030029;140;100;330.0299988;4.544445038;300.0100098;300.0100098;4.300000191;1;30;1;6;1;1;1;2;6;8;1;0;1;0;1;0.592529893;0.351091683;0;1;0;0
288;0;2470;1030;130;140;50;1.335488677;0.02;0.013333333;1.269999981;0;34;0;6;0;3;0;2;4;3;1.5;0;0;0;1;0.895327985;0.801612198;1;0;0;0
289;0;7800;2405;155;200;50;1.016400576;0.02;0.006666666;2;4;32;0;6;0;3;0;8;7;5;3;0;0;0;1;0.669457018;0.448172688;1;0;0;0
290;0;11375;6900.52002;145;200;615.0999756;0.298815161;3075;615;1.75;1;36;1;6;0;3;1;1;1;5;5;0;0;0;1;0.517957985;0.268280476;1;0;0;0
291;0;5148;2170.030029;140;250;265.019989;1.009889245;530;265;1.950000048;3;36;0;6;0;3;0;6;5;3;2;0;0;0;1;0.809111416;0.654661298;1;0;0;0
292;1;10400;2715.02002;130;200;150.0099945;1.203181982;0.02;0.006666666;2.670000076;8;40;1;6;1;2;1;4;2;5;3;1;1;1;1;0.657214582;0.431931019;1;0;0;0
293;1;5200;1757.52002;145;250;366.6799927;1.643725157;450;300;2.670000076;0;54;1;6;1;3;1;2;7;6;1.5;0;0;0;1;0.779637992;0.607835412;1;0;0;0
294;1;8710;1890.01001;140;100;410.0100098;2.136229515;600;300;3.25;6;38;1;6;1;5;1;6;8;2;2;1;1;0;1;0.259288788;0.067230679;0;1;0;0
295;1;3575;1100.030029;130;150;400.0299988;2.522631168;400;400;2.75;5;46;1;5;1;3;0;1;5;3;1;1;1;0;1;0.867438495;0.752449572;1;0;0;0
296;1;9425;3447.52002;120;220;235.7200012;0.725572526;700;200;2.069999933;9;31;1;2;1;0;1;4;10;2;3.5;0;1;0;1;0.068052202;0.004631102;1;0;0;0
297;1;3250;2035.02002;160;220;483.3500061;0.725077271;500;333.3333435;1.669999957;2;55;1;5;1;2;1;1;5;3.5;1.5;1;1;1;1;0.839319289;0.704456866;1;0;0;0
298;0;6825;3285.02002;130;220;295.0100098;0.614911556;750;250;1.75;9;43;0;5;0;8;0;2;1;4;3;0;0;0;1;0.325141311;0.105716869;1;0;0;0
299;0;5780;3275.030029;120;250;520.0100098;0.582588911;1300;520;1.700000048;8;36;0;2;0;8;0;2;1;0;2.5;0;0;0;1;0.657082796;0.431757808;1;0;0;0
300;1;6204;1940;150;300;50;1.431443334;0.02;0.01;2.349999905;3;25;1;5;1;6;1;5;4;2;2;1;0;0;1;0.693273008;0.480627477;1;0;0;0
301;0;2340;1150.030029;140;100;500.0299988;1.286896825;500;500;1.799999952;5;32;0;2;0;3;0;2;1;4;1;0;0;0;1;0.861171901;0.741617024;1;0;0;0
302;1;3536;1010.030029;140;250;220.0299988;2.797906876;220;220;2.599999905;13;58;0;5;1;0;0;3;4;1;1;0;1;0;1;0.850153804;0.722761512;1;0;0;0
303;1;8050;3625.02002;130;250;206.2599945;0.513358533;750;187.5;1.440000057;6;63;1;5;1;1;1;3;1;2;4;0;1;0;1;0.65886271;0.434100062;1;0;0;0
304;0;5610;4330.029785;155;250;1340.02002;0.435329556;2680;1340;2.130000114;8;38;0;5;0;7;0;3;3;1;2;0;0;0;1;0.762263298;0.58104533;1;0;0;0
305;0;21780;13200.03027;145;200;833.3400269;0.173512489;7500;833.333313;1.830000043;8;36;0;5;0;7;0;4;1;20.5;9;0;0;0;0;0;0;1;0;0;0
306;1;5040;2475;140;200;930;0.999326587;1120;746.666687;2.799999952;10;49;1;5;1;4;1;5;5;1;1.5;1;1;0;1;0.775786519;0.601844728;0;0;1;0
307;1;24700;6570.009766;130;37.5;331.25;0.45983094;1550;193.75;2.380000114;8;53;1;5;1;1;1;4;1;2.5;8;1;1;0;0;0;0;1;0;0;0
308;1;42160;15725.00977;145;100;500;0.17562966;6000;400;2.069999933;13;48;1;5;1;6;0;7;1;3;15;0;1;0;0;0;0;1;0;0;0
309;1;7215;4180.02002;140;100;653.3400269;0.491358101;1690;563.333313;1.850000024;6;38;1;5;1;3;1;3;5;2;3;1;0;0;1;0.694247723;0.481979907;1;0;0;0
310;0;1150;1050.02002;130;100;350.019989;0.361878812;300;300;1.149999976;6;30;0;5;0;7;0;3;1;2;1;0;0;0;1;0.943143785;0.889520228;1;0;0;0
311;0;3500;2985.030029;120;100;737.5200195;0.383158624;1475;737.5;1.25;4;45;0;5;1;7;0;2;3;1.5;2;0;0;0;1;0.740438998;0.5482499;1;0;0;0
312;0;3120;1950.030029;160;100;500.019989;0.738443315;750;500;1.600000024;5;49;0;5;0;8;0;2;2;1;1.5;0;0;0;1;0.814895928;0.664055347;1;0;0;0
313;1;7200;4900.02002;130;100;1915.01001;0.513772428;3590;1795;3;3;68;1;2;1;7;1;2;5;16;2;1;0;1;1;0.288061112;0.082979202;1;0;0;0
314;1;11200;7865.009766;120;100;1916.670044;0.375643939;5480;1826.666626;2.670000076;5;42;1;4;1;2;1;4;9;6.25;3;0;1;0;1;0.44626981;0.199156746;1;0;0;0
315;0;4940;3460.02002;140;133.3300018;420.0100098;0.393702924;1010;336.6666565;1.269999981;5;48;0;4;0;8;0;4;8;2;3;0;0;0;1;0.706918478;0.499733746;1;0;0;0
316;1;2925;1822.51001;160;225;1090.01001;0.780511498;915;915;2.25;7;49;1;4;1;4;0;2;1;0.5;1;0;1;0;1;0.85538739;0.731687605;1;0;0;0
317;1;7475;3075.01001;170;100;1380.01001;1.245522261;1800;1200;3.829999924;13;49;1;5;1;0;1;5;8;3;1.5;1;1;0;1;0.753623009;0.567947626;1;0;0;0
318;1;10400;1730.030029;200;100;150.0200043;2.861216307;0.02;0.01;4;0;54;1;8;0;2;1;2;12;15;2;1;1;1;1;0.614366472;0.377446175;1;0;0;0
319;1;24700;14695.00977;220;100;1629.170044;0.256785929;9120;1520;3.170000076;2;26;1;8;1;3;0;7;1;4;6;1;1;0;0;0;0;1;0;0;0
320;1;4920;4910.02002;190;500;3680.02002;0.077388681;3580;3580;4.099999905;8;45;1;8;1;2;1;6;6;13;1;0;0;1;1;0.753765583;0.56816256;0;0;1;0
321;1;5280;3430.02002;180;200;820.0100098;0.574339211;1600;800;2.200000048;6;50;0;8;1;0;1;7;10;2;2;1;1;1;1;0.776247799;0.602560639;1;0;0;0
322;1;8450;3821.02002;170;200;1060.51001;0.901525021;2120;1060;3.25;6;52;1;8;1;8;1;4;9;4;2;1;1;0;1;0.577097416;0.33304143;0;0;1;0
323;1;6600;3862.02002;150;150;1261.01001;0.645904243;2520;1260;2.75;6;58;1;8;1;11;0;5;13;23;2;0;1;0;1;0.669685483;0.448478639;0;0;1;0
324;1;11050;3441.01001;165;150;895.5100098;1.401404023;1660;830;4.25;7;57;1;8;1;8;1;8;1;5;2;1;1;0;1;0.367969692;0.135401696;0;0;1;0
325;1;6175;2130.040039;160;250;260.019989;1.276966572;520.0100098;260.0050049;2.380000114;6;35;1;8;1;12;0;3;3;30;2;1;1;4;1;0.725294113;0.526051521;0;0;1;0
326;1;9165;3650.01001;170;80;1260.01001;1.049310803;2440;1220;3.529999971;7;51;1;8;1;1;1;4;1;2;2;0;1;0;1;0.592278481;0.350793809;0;0;1;0
327;1;7865;3042.51001;185;333.3299866;1120.01001;1.361082435;1560;1040;4.03000021;5;44;1;8;1;4;1;6;2;9.5;1.5;1;1;0;1;0.550143182;0.302657515;0;0;1;0
328;1;7800;2460.030029;220;100;380.019989;1.412580371;720.0100098;360.0050049;3;5;54;1;8;1;0;0;5;2;8;2;1;1;1;1;0.375405401;0.140929222;0;0;1;0
329;1;7150;3570.01001;200;280;785.0100098;0.800416529;1440;720;2.75;7;39;1;8;0;1;1;8;1;0;2;1;0;0;1;0.681919396;0.46501407;0;0;1;0
330;1;8450;4100.009766;220;300;1005.01001;0.827435851;1850;925;3.25;6;23;1;5;1;5;1;5;2;3;2;1;1;1;0;0;0;0;0;1;0
331;1;4900;3202.52002;190;300;1100.01001;0.651568115;1590;1060;2.329999924;7;40;0;5;1;3;0;4;15;2;1.5;0;0;0;1;0.751147211;0.564222157;0;0;0;1
332;1;8450;3350.01001;180;125;900.0100098;1.060443163;1610;805;3.25;6;28;1;5;1;2;0;6;8;3.5;2;1;1;0;1;0.58223033;0.338992149;1;0;0;0
333;0;6500;5255.02002;170;200;1298.01001;0.360644877;2970;1188;2;1;34;0;5;0;3;1;3;2;4;2.5;0;0;0;1;0.724547386;0.524968922;1;0;0;0
334;1;7215;3450.01001;150;200;905.0100098;0.842025101;1650;825;2.779999971;2;47;1;4;1;17;1;6;1;2;2;0;1;0;1;0.590950489;0.349222481;0;1;0;0
335;1;7150;2660.02002;165;230;480.0100098;1.154124856;800.0100098;400.0050049;2.75;2;47;1;8;1;0;0;1;14;2;2;1;0;1;1;0.427454889;0.182717681;0;0;1;0
336;1;6100;2992.52002;160;200;1100.01001;0.989130676;1550;1033.333374;3.329999924;7;62;1;8;1;5;1;6;10;4;1.5;0;0;0;1;0.728630483;0.530902386;0;0;1;0
337;0;5200;3490.030029;170;200;890.0200195;0.542972386;1780;890;2;5;51;0;8;0;6;0;7;14;1.200000048;2;0;1;0;1;0.739752173;0.547233284;0;0;1;0
338;0;11700;6590.02002;185;225;712.5100098;0.394630462;2520;630;2.25;7;36;0;8;0;6;0;6;2;4;4;0;0;0;1;0.063108101;0.003982632;0;0;1;0
339;1;5200;3050.02002;220;200;2150.02002;0.829496205;2040;2040;4;9;59;1;8;1;3;0;3;11;3;1;1;0;0;1;0.768668711;0.590851605;0;0;1;0
340;0;4875;2100.02002;170;250;150.0099945;0.991654873;200;100;1.879999995;9;35;0;8;0;6;1;3;9;2.5;2;0;0;0;1;0.756017685;0.571562767;0;0;1;0
341;1;12675;5480.02002;150;150;650.0100098;0.530791402;2400;600;2.440000057;7;64;1;8;1;2;1;5;15;7;4;1;0;4;1;0.492516905;0.242572904;0;0;1;0
342;1;22750;8720.009766;165;125;480;0.315653324;2800;350;2.190000057;6;28;1;8;1;3;1;7;3;6.75;8;0;0;0;0;0;0;0;0;1;0
343;1;10400;4420.009766;160;125;370;0.543268025;1200;300;2;8;60;1;8;1;0;1;8;1;8;4;1;1;0;1;0.479504496;0.22992456;0;0;1;0
344;0;3575;2520.030029;170;220;450.019989;0.528759539;900;450;1.379999995;3;30;0;8;0;5;0;1;7;5.5;2;0;1;0;1;0.713727474;0.509406924;0;0;1;0
345;0;22750;11555.01953;185;200;383.3399963;0.209731847;2550;283.3333435;1.940000057;2;56;0;8;0;5;0;9;3;4.75;9;0;0;0;0;0;0;0;0;1;0
346;0;9100;2820.030029;220;250;450.019989;1.432605267;900;450;3.5;2;52;1;8;0;5;0;6;11;13.5;2;0;0;0;1;0.544566512;0.296552688;0;0;1;0
347;0;4160;2290.030029;200;150;300.019989;0.740160584;600;300;1.600000024;5;38;0;5;0;3;1;2;12;15.5;2;0;0;0;1;0.845746577;0.715287268;1;0;0;0
348;1;5525;1610.02002;170;100;220.0099945;1.579169869;400;200;2.130000114;5;23;1;2;1;3;1;7;14;8.25;2;0;1;0;1;0.3452802;0.119218417;0;0;0;1
349;1;3900;2130.01001;150;100;1440.01001;0.976516545;1240;1240;3;7;21;1;2;1;2;1;2;1;2.75;1;1;1;1;1;0.602005899;0.362411112;0;1;0;0
350;1;5070;3037.51001;165;140;1360.01001;0.739638686;1800;1200;2.599999905;10;59;1;8;0;1;1;4;5;4.75;1.5;1;0;1;1;0.80100292;0.641605675;0;1;0;0
351;1;7140;1565.01001;160;193.3300018;360.0100098;2.737643719;250;166.6666718;3.400000095;6;55;1;7;1;2;0;3;5;12.75;1.5;1;0;1;1;0.769245625;0.59173882;0;0;0;1
352;1;2860;1360.02002;170;120;620.0200195;1.338200927;600;600;2.200000048;6;42;1;7;1;0;0;3;1;4;1;1;1;0;1;0.872907281;0.761967123;0;0;0;1
353;0;1000;565.0300293;170;100;500.0599976;0.707714617;250;500;2;4;39;0;7;0;6;0;2;6;4;0.5;0;0;0;1;0.962919772;0.927214503;1;0;0;0
354;0;1690;925.0300293;165;150;200.0299988;1.189118147;200;200;1.299999952;5;36;0;2;0;7;0;3;2;30;1;0;0;0;1;0.91644609;0.839873433;1;0;0;0
355;1;19500;6780.029785;200;100;323.0799866;0.427429944;1500.01001;230.7707672;2.309999943;4;33;1;2;1;1;1;4;1;3;6.5;1;0;0;1;0.474136114;0.224805057;1;0;0;0
356;0;1495;1315.030029;220;200;400.0299988;0.437229544;400;400;1.149999976;7;48;0;2;0;7;0;2;5;9;1;0;0;0;1;0.944565177;0.892203391;1;0;0;0
357;1;12350;3560;190;35;195;0.83005619;300;75;2.380000114;8;49;1;4;1;6;1;7;2;10;4;0;1;0;1;0.267296314;0.07144732;1;0;0;0
358;1;3120;1600.01001;150;200;750.0100098;1.156236529;600;600;2.400000095;5;48;1;3;1;5;1;3;4;20;1;0;0;1;1;0.897164404;0.804903984;1;0;0;0
359;0;900;442.5400085;130;100;200.0800018;1.355448008;100.0100021;200.0200043;1.799999952;2;39;0;7;0;5;0;1;10;2;0.5;0;0;0;1;0.908155203;0.824745893;0;1;0;0
360;0;2145;686.289978;145;100;200.0500031;3.001549482;150.0099945;200.0133209;2.200000048;8;42;0;1;0;14;1;6;6;0;0.75;0;0;0;1;0.890551627;0.793082178;0;1;0;0
361;0;1495;685;160;150;55;1.649635077;0.02;0.02;1.149999976;7;62;0;3;0;5;0;3;8;3;1;0;0;0;1;0.872862995;0.761889815;0;1;0;0
362;0;35750;23840.0293;110;210;775;0.090551481;12400;775;1.720000029;6;36;1;3;0;18;1;9;2;2;16;0;0;0;0;0;0;0;1;0;0
363;0;12800;8330.030273;160;60;733.3400269;0.234826282;4400;733.333313;1.330000043;4;42;0;4;0;5;0;9;1;4;6;0;0;0;1;0.183601901;0.033709656;0;1;0;0
364;0;5270;1873.030029;145;300;417.019989;1.543420672;625.5;417;2.069999933;3;46;0;1;0;17;0;7;5;3;1.5;0;0;0;1;0.687749028;0.472998738;0;0;0;1
365;0;900;771.5200195;160;200;673.039978;-0.811488926;320;640;1.799999952;4;46;0;1;0;17;1;1;5;2;0.5;0;0;1;1;0.946674407;0.896192431;0;0;0;1
366;0;2500;1900.02002;170;100;230.0099945;0.492097437;260;130;1.25;7;36;0;1;0;17;0;1;3;3;2;0;0;0;1;0.873034298;0.762188911;0;0;0;1
367;1;7670;1550.02002;130;200;333.3500061;2.983466625;300;200;3.930000067;5;38;1;1;1;14;1;7;1;2;1.5;1;1;0;1;0.772773683;0.597179174;0;0;0;1
368;0;5200;4005.02002;115;100;1260.01001;0.434141397;2320;1160;2;2;50;0;1;0;17;0;5;4;10;2;0;0;0;1;0.73591131;0.541565478;0;0;0;1
369;0;31200;27700.0293;165;200;550;0.054422326;11000;550;1.200000048;4;42;0;1;0;17;0;8;1;22;20;0;1;0;0;0;0;0;0;0;1
370;0;9750;4820.029785;120;250;330.0100098;0.459021538;1320;330;1.879999995;7;50;0;1;0;17;0;9;1;8;4;0;0;0;0;0;0;0;0;0;1
371;1;14300;4640.009766;140;250;310;0.724136412;800;200;2.75;8;39;1;1;1;14;1;7;3;1;4;1;0;0;0;0;0;0;0;0;1
372;1;14950;4420.009766;160;250;220;0.802034438;400;100;2.880000114;8;41;1;1;0;9;1;6;3;3;4;0;0;0;0;0;0;0;0;0;1
373;1;4225;1745.01001;170;250;755.0100098;1.616030812;600;600;3.25;6;30;1;1;1;3;0;4;1;3;1;0;0;0;1;0.833110571;0.6940732;0;0;0;1
374;0;2400;2100.030029;130;250;150.0200043;0.399989516;300;150;1.200000048;2;60;0;1;0;42;1;2;15;2;2;0;1;0;1;0.829358101;0.687834859;0;0;0;1
375;1;6045;1830.02002;125;100;350.0100098;1.484953761;400;200;2.329999924;2;45;1;7;1;3;1;3;10;1.5;2;0;0;1;1;0.731372297;0.534905434;0;0;0;1
376;1;5395;2475.01001;120;100;1800.01001;1.298980594;1660;1660;4.150000095;4;40;1;1;1;14;0;4;7;2;1;0;1;0;1;0.786895096;0.619203866;0;0;0;1
377;1;8450;2770.02002;220;140;1066.680054;1.680690527;1400;933.333313;4.329999924;8;54;1;8;1;7;1;5;6;2;1.5;0;0;0;1;0.373345494;0.139386863;1;0;0;0
378;1;6075;1792.52002;190;193.3300018;433.3500061;1.946975946;400;266.6666565;2.700000048;9;55;1;8;1;5;1;4;10;2;1.5;1;0;0;1;0.774738073;0.600219071;1;0;0;0
379;1;5360;1060.030029;180;100;300.0299988;4.396073818;300;300;4;5;31;1;8;1;13;0;4;1;2;1;1;0;0;1;0.642326176;0.412582904;0;0;1;0
380;0;3900;2550.030029;170;100;695.0200195;0.577440262;1390;695;1.5;6;57;0;8;0;3;0;2;2;1.5;2;0;1;0;1;0.776930511;0.603621006;0;0;1;0
381;0;5850;3750.02002;150;200;480.0100098;0.438219011;1200;400;1.5;5;41;0;7;0;8;0;4;6;2;3;0;0;0;1;0.881751001;0.777484834;1;0;0;1
382;0;6324;4015.030029;165;250;533.3400269;0.442558765;1600;533.333313;1.549999952;6;39;0;8;0;3;1;7;4;7;3;0;0;0;1;0.493597895;0.243638888;0;0;1;0
383;0;6045;3800.02002;160;250;260.0100098;0.356247485;800;200;1.159999967;5;37;0;8;0;3;0;5;7;2;4;0;0;0;1;0.697462022;0.486453265;0;0;1;0
384;0;12675;5400.029785;170;100;430.0100098;0.442404598;2150;430;1.950000048;3;44;0;1;0;17;0;6;2;3;5;0;1;0;1;0.248997793;0.061999902;0;0;0;1
385;0;5525;2270.030029;185;300;200.0200043;1.040730715;400;200;2.130000114;4;28;1;8;0;3;1;3;6;2;2;0;0;0;1;0.723486781;0.523433149;0;0;1;0
386;0;7150;3640.02002;220;250;313.3399963;0.57936132;690;230;1.830000043;5;46;0;1;0;18;0;7;8;1;3;0;0;0;0;0;0;0;0;0;1
387;0;3250;2205.02002;170;250;550.0100098;0.643982053;600;400;1.669999957;6;50;0;1;0;17;0;2;1;6;1.5;0;1;1;1;0.855576515;0.732011199;0;0;0;1
388;0;6825;3075.030029;150;150;250.0099945;0.666117072;750;250;1.75;3;56;0;4;1;6;0;3;1;1;3;0;0;0;1;0.653383613;0.426910132;0;0;0;1
389;0;3015;2267.530029;165;200;666.6900024;0.537533522;1000;666.666687;1.5;4;58;0;7;0;6;0;7;5;2;1.5;0;1;0;1;0.821359217;0.67463094;0;0;0;1
390;0;2925;1545.02002;160;250;620.0200195;1.122949839;520;520;2.25;5;40;0;1;0;6;1;2;5;2;1;0;0;0;1;0.74003768;0.547655761;0;0;0;1
391;0;1820;1130.030029;170;200;300.0299988;0.902604282;300;300;1.399999976;0;38;0;1;1;17;0;1;10;2;1;0;0;0;1;0.784327626;0.615169823;0;0;0;1
392;0;2275;1155.030029;185;180;320.0299988;1.259681463;320;320;1.75;0;48;0;1;0;17;0;2;6;2;1;1;0;0;1;0.797807097;0.636496186;0;0;0;1
393;0;2860;1380.030029;220;200;460.0299988;1.362267494;460;460;2.200000048;6;39;0;1;0;17;1;5;8;12.5;1;0;0;0;1;0.854751229;0.730599642;0;0;0;1
394;0;6175;3905.01001;200;200;275.7200012;0.397970796;600;171.4285736;1.360000014;5;31;0;8;0;3;0;3;2;2.25;3.5;0;0;0;1;0.505529284;0.255559862;0;0;1;0
395;0;7150;5630.02002;170;250;547.5100098;0.270535916;1890;472.5;1.379999995;5;41;0;8;0;3;0;3;10;5;4;0;0;0;1;0.591039181;0.349327326;0;0;1;0
396;1;6045;1770.02002;150;100;325.0100098;1.542352676;400;200;2.329999924;7;52;1;8;1;6;1;1;3;4;2;0;0;0;1;0.731372297;0.534905434;0;0;0;1
397;1;5395;2605.01001;165;100;1880.01001;1.203446388;1660;1660;4.150000095;7;41;1;8;1;0;1;2;4;20;1;1;0;1;1;0.726007998;0.527087629;0;0;0;1
398;1;7475;2790.02002;160;140;1100.01001;1.427705526;1400;933.333313;3.829999924;4;53;1;8;1;1;1;5;1;4;1.5;0;0;1;1;0.625893772;0.391743004;0;0;1;0
399;1;2730;1090.030029;170;100;350.0299988;1.816436172;200.0099945;200.0099945;2.099999905;3;39;1;7;1;3;0;2;5;2;1;1;0;0;1;0.817826629;0.668840408;0;0;1;0
400;1;1000;682.5200195;185;100;500.0400085;-0.000117238;200;400;2;0;41;0;8;1;1;0;1;6;1;0.5;1;1;0;1;0.899904728;0.80982852;0;0;1;0
401;1;5525;1870.02002;180;100;370.0100098;1.319501996;700;350;2.130000114;5;21;1;8;1;3;1;3;9;1;2;0;1;0;1;0.446973503;0.199785307;0;0;1;0
402;1;6500;2531.51001;175;200;420.7600098;1.10195899;601.5;300.75;2.5;8;32;1;8;1;3;1;3;1;2;2;1;0;1;1;0.566253722;0.320643276;0;0;1;0
403;1;7800;3990.01001;220;150;1065.01001;0.778818905;1960;980;3;7;52;1;8;1;0;1;2;1;4;2;1;0;0;1;0.609628379;0.371646762;0;0;1;0
404;0;5200;1737.52002;190;150;373.3500061;1.698455215;450;300;2.670000076;4;50;0;1;0;17;0;3;3;6;1.5;0;0;0;1;0.794597685;0.631385505;0;0;0;1
405;0;8710;1930.02002;120;150;410.0100098;2.078991413;600;300;3.25;8;55;0;1;0;17;1;5;1;0.5;2;0;0;0;1;0.483926713;0.23418507;0;0;0;1
406;0;3120;1677.530029;150;100;333.3500061;0.924633205;500;333.3333435;1.600000024;6;60;0;8;1;4;0;4;5;1;1.5;0;0;0;1;0.79180181;0.626950085;0;0;1;0
407;1;7800;4970.02002;140;100;1915.01001;0.566898167;3590;1795;3.25;6;50;1;8;1;0;1;3;3;3;2;1;0;0;1;0.375405401;0.140929222;0;0;1;0
408;1;10150;6790.009766;150;100;1523.339966;0.402879179;4110;1370;2.420000076;7;61;1;7;1;6;1;2;2;2;3;0;0;0;1;0.187226206;0.035053652;0;0;1;0
